<?xml version="1.0" encoding="UTF-8"?>
<project-private xmlns="http://www.netbeans.org/ns/project-private/1">
    <editor-bookmarks xmlns="http://www.netbeans.org/ns/editor-bookmarks/2" lastBookmarkId="1">
        <file>
            <url>src/Vista/Login.java</url>
            <bookmark id="1">
                <name/>
                <line>148</line>
                <key/>
            </bookmark>
        </file>
    </editor-bookmarks>
    <open-files xmlns="http://www.netbeans.org/ns/projectui-open-files/2">
        <group>
            <file>file:/C:/Users/HpAdmin/Desktop/Sistema%20de%20Nómina/SistemaNomina/src/Vista/Login.java</file>
            <file>file:/C:/Users/HpAdmin/Desktop/Sistema%20de%20Nómina/SistemaNomina/src/Vista/EmpresaInternal.java</file>
            <file>file:/C:/Users/HpAdmin/Desktop/Sistema%20de%20Nómina/SistemaNomina/src/Vista/ReciboInternal.java</file>
            <file>file:/C:/Users/HpAdmin/Desktop/Sistema%20de%20Nómina/SistemaNomina/src/Vista/GestionNomina.java</file>
            <file>file:/C:/Users/HpAdmin/Desktop/Sistema%20de%20Nómina/SistemaNomina/src/Modelo/Conexiondb.java</file>
            <file>file:/C:/Users/HpAdmin/Desktop/Sistema%20de%20Nómina/SistemaNomina/src/Controlador/Controles.java</file>
            <file>file:/C:/Users/HpAdmin/Desktop/Sistema%20de%20Nómina/SistemaNomina/src/Vista/PuestoInternal.java</file>
        </group>
    </open-files>
</project-private>
